TR,MMean,RMean,Vs30
31,,,760
225,,,760
475,5.9113878617660545,127.4708191412774,760
975,5.952987258641465,104.24570995934033,760
2475,5.987250404992746,76.20168616031947,760
