TR,MMean,RMean,Vs30
31,,,760
225,,,760
475,5.920552102932825,128.49035722574934,760
975,5.96596320713421,105.43362904372128,760
2475,6.00594528114599,77.8512148726396,760
