TR,MMean,RMean,Vs30
31,,,760
225,,,760
475,,,760
975,5.988369584876502,109.31216079852942,760
2475,6.032506882214643,82.02664305851185,760
