TR,MMean,RMean,Vs30
31,,,760
225,,,760
475,,,760
975,6.033129198798566,118.0314393775001,760
2475,6.083778260163703,91.12118038927724,760
