TR,MMean,RMean,Vs30
31,,,760
225,,,760
475,,,760
975,,,760
2475,6.117989067864139,97.30859581652271,760
