TR,MMean,RMean,Vs30
31,,,760
225,,,760
475,5.735329697310213,135.99116549390507,760
975,5.786962555755937,105.306800098919,760
2475,5.817929419538513,70.75827748800998,760
