TR,MMean,RMean,Vs30
31,,,760
225,,,760
475,5.752303434564478,136.88993513472212,760
975,5.8094568535581415,106.87504394782265,760
2475,5.8462197616295954,72.79512311190582,760
