TR,MMean,RMean,Vs30
31,,,760
225,,,760
475,,,760
975,5.81607996488941,105.00814498783986,760
2475,5.856776451190049,71.1951679130086,760
