TR,MMean,RMean,Vs30
31,,,760
225,,,760
475,,,760
975,5.825045244841254,106.34125276539112,760
2475,5.872806742725039,72.97605528676563,760
