TR,MMean,RMean,Vs30
31,,,760
225,,,760
475,,,760
975,,,760
2475,5.895466652596917,76.78950015106555,760
