TR,MMean,RMean,Vs30
31,,,760
225,,,760
475,,,760
975,,,760
2475,5.973039118879803,90.77465900736148,760
