TR,MMean,RMean,Vs30
31,,,760
225,,,760
475,5.859537060477037,117.36177963812428,760
975,5.919002737499841,95.94315946509526,760
2475,5.977128375333903,71.36522832183196,760
