TR,MMean,RMean,Vs30
31,,,760
225,,,760
475,5.850879501701903,116.43731028074123,760
975,5.9065936665783925,94.69771446096705,760
2475,5.958500516871444,69.90654453602977,760
