TR,MMean,RMean,Vs30
31,,,760
225,,,760
475,,,760
975,5.939737686215995,99.06673073065303,760
2475,6.001468581540664,74.94167170439201,760
