TR,MMean,RMean,Vs30
31,,,760
225,,,760
475,,,760
975,5.980409396632407,106.5935417794057,760
2475,6.048891042727383,82.62104409831977,760
