TR,MMean,RMean,Vs30
31,,,760
225,,,760
475,,,760
975,,,760
2475,6.08150374305967,87.78203196579395,760
