TR,MMean,RMean,Vs30
31,,,760
225,,,760
475,5.7731610310573735,136.23039426210048,760
975,5.8281619940780685,107.6210137049971,760
2475,5.864514973974569,74.37668995483428,760
