TR,MMean,RMean,Vs30
31,,,760
225,,,760
475,5.7550867220852675,135.01895892732497,760
975,5.804537770638287,105.88280400833423,760
2475,5.835113298843724,72.30541665771794,760
