TR,MMean,RMean,Vs30
31,,,760
225,,,760
475,,,760
975,5.844678150885101,106.99200784948637,760
2475,5.891705002596876,74.50275689892534,760
