TR,MMean,RMean,Vs30
31,,,760
225,,,760
475,,,760
975,5.835062477015424,105.70440175924891,760
2475,5.875320766097795,72.63194047576766,760
