TR,MMean,RMean,Vs30
31,,,760
225,,,760
475,,,760
975,,,760
2475,5.915361536853885,78.35165575910987,760
