TR,MMean,RMean,Vs30
31,,,760
225,,,760
475,,,760
975,,,760
2475,5.962865632992221,86.84904507081689,760
