TR,MMean,RMean,Vs30
31,,,760
225,,,760
475,,,760
975,,,760
2475,5.994805813730932,92.7925250915626,760
